Museum #,Snake,Lab,Locality,Watershed,"County, State",Latitude,Longitude,50_MAMU,IC50 
no voucher,EDBjr21343,3.03,Hat Creek,Lower Pit,"Shasta, CA",40.8175,-121.491389,1.71,NA
no voucher,EDBjr21343,3.031,Hat Creek,Lower Pit,"Shasta, CA",40.8175,-121.491389,2.21,NA
no voucher,EDBjr21343,3.032,Hat Creek,Lower Pit,"Shasta, CA",40.8175,-121.491389,1.42,NA
no voucher,EDBjr21343,3.033,Hat Creek,Lower Pit,"Shasta, CA",40.8175,-121.491389,1.44,NA
UTA 57031,EDBjr21342,3.034,Deer Creek,Battle Creek,"Shasta, CA",40.702222,-121.716667,1.7,NA
UTA 57030,EDBjr21341,3.035,Deer Creek,Battle Creek,"Shasta, CA",40.702222,-121.716667,2.19,NA
CAS 237608,EDBjr21951,5.145,Devils Corral,Honey Eagle Lakes,"Lassen, CA",40.570833,-120.959167,NA,NA
no voucher,TcDUC,TcDUC,Devils Corral,Honey Eagle Lakes,"Lassen, CA",40.570833,-120.959167,NA,NA
CAS 236832,EDBjr21371,4.044,Rock Creek,Battle Creek,"Shasta, CA",40.455156,-121.857494,3.1,NA
no voucher,EDBjr21372,4.045,Rock Creek,Battle Creek,"Shasta, CA",40.455156,-121.857494,2.65,NA
CAS 236826,EDBjr21365,4.037,Battle Creek,Battle Creek,"Shasta, CA",40.44692,-121.86821,3.24,NA
CAS 236827,EDBjr21366,4.038,Battle Creek,Battle Creek,"Shasta, CA",40.44692,-121.86821,2.52,NA
CAS 236828,EDBjr21367,4.039,Battle Creek,Battle Creek,"Shasta, CA",40.44692,-121.86821,3.2,NA
CAS 236829,EDBjr21368,4.04,Battle Creek,Battle Creek,"Shasta, CA",40.44692,-121.86821,2.64,NA
CAS 236830,EDBjr21369,4.041,Battle Creek,Battle Creek,"Shasta, CA",40.44692,-121.86821,3.81,NA
CAS 236831,EDBjr21370,4.042,Battle Creek,Battle Creek,"Shasta, CA",40.44692,-121.86821,2.95,NA
UNR 00982,CRF3051,16.068,Williams Creek,Honey Eagle Lakes,"Lassen, CA",40.39627,-120.77225,3.3,293.7775073
UNR 10042,CRF3052,16.069,Williams Creek,Honey Eagle Lakes,"Lassen, CA",40.39627,-120.77225,3.3,62.10070772
UNR 09958,CRF3056,16.073,Williams Creek,Honey Eagle Lakes,"Lassen, CA",40.39627,-120.77225,5,42.41226223
no voucher,CRF3053,16.07,Williams Creek,Honey Eagle Lakes,"Lassen, CA",40.39627,-120.77225,3.2,NA
no voucher,CRF3054,16.071,Williams Creek,Honey Eagle Lakes,"Lassen, CA",40.39627,-120.77225,2.7,NA
UNR 09978,CRF3055,16.072,Williams Creek,Honey Eagle Lakes,"Lassen, CA",40.39627,-120.77225,3.35,NA
UTA 56598,EDBjr21339,3.037,Antelope Creek,Battle Creek,"Shasta, CA",40.368056,-121.990278,1.28,NA
no voucher,no collector ID,3.038,Antelope Creek,Battle Creek,"Shasta, CA",40.368056,-121.990278,2.24,NA
UTA 56597,EDBjr21338,3.039,Antelope Creek,Battle Creek,"Shasta, CA",40.368056,-121.990278,1.97,NA
UNR 10053,CRF3058,16.075,Willard Creek,Honey Eagle Lakes,"Lassen, CA",40.36777,-120.80296,2.41,229.987272
UNR 10038,CRF3059,16.076,Willard Creek,Honey Eagle Lakes,"Lassen, CA",40.36777,-120.80296,0.1,47.12686379
UNR 09957,CRF3060,16.077,Willard Creek,Honey Eagle Lakes,"Lassen, CA",40.36777,-120.80296,3.14,269.4315918
UNR 10035,CRF3061,16.078,Willard Creek,Honey Eagle Lakes,"Lassen, CA",40.36777,-120.80296,3.76,93.52158923
CAS 237609,EDBjr21952,5.146,Devils Corral,Honey Eagle Lakes,"Lassen, CA",40.36777,-120.80296,7.17,NA
CAS 237610,EDBjr21953,5.147,Devils Corral,Honey Eagle Lakes,"Lassen, CA",40.36777,-120.80296,5.33,NA
CAS 237611,EDBjr21954,5.148,Devils Corral,Honey Eagle Lakes,"Lassen, CA",40.36777,-120.80296,7.76,NA
CAS 237612,EDBjr21955,5.149,Devils Corral,Honey Eagle Lakes,"Lassen, CA",40.36777,-120.80296,5.55,NA
CAS 237613,EDBjr21956,5.15,Devils Corral,Honey Eagle Lakes,"Lassen, CA",40.36777,-120.80296,6.19,NA
CAS 237614,EDBjr21957,5.151,Devils Corral,Honey Eagle Lakes,"Lassen, CA",40.36777,-120.80296,9.5,NA
CAS 237615,EDBjr21958,5.152,Devils Corral,Honey Eagle Lakes,"Lassen, CA",40.36777,-120.80296,7.95,NA
no voucher,CRF3057,16.074,Willard Creek,Honey Eagle Lakes,"Lassen, CA",40.36777,-120.77225,3.32,NA
UNR 09953,CRF3062,16.079,Willard Creek,Honey Eagle Lakes,"Lassen, CA",40.36777,-120.80296,7.6,538.6794343
no voucher,UC1,UC1,Willard Creek,Honey Eagle Lakes,"Lassen, CA",40.36777,-120.80296,4.98,NA
no voucher,UC10,UC10,Willard Creek,Honey Eagle Lakes,"Lassen, CA",40.36777,-120.80296,5.12,NA
no voucher,UC2,UC2,Willard Creek,Honey Eagle Lakes,"Lassen, CA",40.36777,-120.80296,1.53,NA
no voucher,UC3,UC3,Willard Creek,Honey Eagle Lakes,"Lassen, CA",40.36777,-120.80296,3.45,NA
no voucher,UC4,UC4,Willard Creek,Honey Eagle Lakes,"Lassen, CA",40.36777,-120.80296,3.92,NA
no voucher,UC6,UC6,Willard Creek,Honey Eagle Lakes,"Lassen, CA",40.36777,-120.80296,3.34,NA
no voucher,UC8,UC8,Willard Creek,Honey Eagle Lakes,"Lassen, CA",40.36777,-120.80296,4.48,NA
UTA 57029,EDBjr21340,3.036,Indian Creek,Thomes Creek Sac River,"Tehama, CA",40.23283333,-121.8757778,1.32,NA
no voucher,no collector id,7.014,North Fork Feather River,North Fork Feather,"Butte , CA",NA,NA,56.7,NA
UTA 57306,EDBjr23506,7.013,Indian Jim,North Fork Feather,"Butte , CA",39.9446,-121.3075,15.5,NA
UNR 8326,CRF2341,12.026,North Fork Feather River,North Fork Feather,"Butte , CA",39.74536944,-121.478075,4.73,NA
no voucher,CRF2342,12.027,North Fork Feather River,North Fork Feather,"Butte , CA",39.74536944,-121.478075,6.38,NA
UTA 57315,EDBjr23526,7.049,North Fork Feather River,North Fork Feather,"Butte , CA",39.7441,-121.4728,8.12,NA
no voucher,CRF3324,CRF3324,Grassy Lake,Middle Fork Feather,"Plumas, CA",39.70167,-120.6637,1.1,NA
no voucher,CRF3312,CRF3312,Tamarack Lake,Honey Eagle Lakes,"Sierra, CA",39.61058,-120.654868,1.54,NA
UNR 10020,EJE174,16.133,Milton Res,Upper Yuba,"Nevada, CA",39.52261,-120.51649,3.21,NA
no voucher,EJE177,16.136,Milton Res,Upper Yuba,"Nevada, CA",39.52261,-120.51649,6,NA
no voucher,EJE161,16.12,Jackson Meadows Res,Upper Yuba,"Sierra, CA",39.511051,-120.554053,13.6,NA
UNR 09991,EJE163,16.122,Jackson Meadows Res,Upper Yuba,"Sierra, CA",39.511051,-120.554053,3.7,57.62287451
UNR 10005,EJE164,16.123,Carr Lake,Upper Yuba,"Nevada, CA",39.511051,-120.554053,3.1,16.6821252
no voucher,EJE179,16.138,Jackson Meadows Res,Upper Yuba,"Sierra, CA",39.511051,-120.554053,25,NA
no voucher,EJE180,16.139,Jackson Meadows Res,Upper Yuba,"Sierra, CA",39.511051,-120.554053,8.3,NA
no voucher,EJE145,16.087,Bowman Lake,Upper Yuba,"Nevada, CA",39.456712,-120.609758,22,NA
CASÂ 260887,EJE147,16.089,Bowman Lake,Upper Yuba,"Nevada, CA",39.456712,-120.609758,3.85,NA
CASÂ 260888,EJE148,16.09,Bowman Lake,Upper Yuba,"Nevada, CA",39.456712,-120.609758,4.09,NA
CASÂ 260889,EJE149,16.091,Bowman Lake,Upper Yuba,"Nevada, CA",39.456712,-120.609758,6.4,NA
CASÂ 260890,EJE150,16.092,Bowman Lake,Upper Yuba,"Nevada, CA",39.456712,-120.609758,3.5,NA
no voucher,EJE140,16.082,Prairie Creek,Upper Yuba,"Nevada, CA",39.4563,-120.606897,3.91,NA
no voucher,EJE141,16.083,Prairie Creek,Upper Yuba,"Nevada, CA",39.4563,-120.606897,15.5,NA
no voucher,EJE142,16.084,Prairie Creek,Upper Yuba,"Nevada, CA",39.4563,-120.606897,2.96,NA
UNR 09970,EJE143,16.085,Prairie Creek,Upper Yuba,"Nevada, CA",39.4563,-120.606897,2.88,NA
no voucher,EJE144,16.086,Prairie Creek,Upper Yuba,"Nevada, CA",39.4563,-120.606897,3.27,NA
no voucher,EJE138,16.08,Sawmill Lake,Upper Yuba,"Nevada, CA",39.444264,-120.60304,19.8,NA
no voucher,EJE139,16.081,Sawmill Lake,Upper Yuba,"Nevada, CA",39.444264,-120.60304,44.1,NA
no voucher,EJE175,16.134,Sawmill Lake,Upper Yuba,"Nevada, CA",39.444264,-120.60304,7.35,NA
no voucher,EJE176,16.135,Sawmill Lake,Upper Yuba,"Nevada, CA",39.444264,-120.60304,3.75,NA
no voucher,EJE165,16.124,Canyon Creek,Upper Yuba,"Nevada, CA",39.442981,-120.658114,3.65,NA
CAS 236849,EDBjr21388,4.014,Keleher,Upper Yuba,"Nevada, CA",39.44289,-120.65839,6,NA
CAS 236850,EDBjr21389,4.015,Keleher,Upper Yuba,"Nevada, CA",39.44289,-120.65839,9.45,NA
CAS 236851,EDBjr21390,4.016,Keleher,Upper Yuba,"Nevada, CA",39.44289,-120.65839,4.5,NA
CAS 236852,EDBjr21391,4.017,Keleher,Upper Yuba,"Nevada, CA",39.44289,-120.65839,5.65,NA
CAS 236853,EDBjr21392,4.018,Keleher,Upper Yuba,"Nevada, CA",39.44289,-120.65839,4.84,NA
CAS 236854,EDBjr21393,4.019,Keleher,Upper Yuba,"Nevada, CA",39.44289,-120.65839,5.35,NA
CAS 236855,EDBjr21394,4.02,Keleher,Upper Yuba,"Nevada, CA",39.44289,-120.65839,4.54,NA
CAS 236856,EDBjr21395,4.021,Keleher,Upper Yuba,"Nevada, CA",39.44289,-120.65839,5.2,NA
CAS 236857,EDBjr21396,4.022,Keleher,Upper Yuba,"Nevada, CA",39.44289,-120.65839,4.42,NA
CAS 236858,EDBjr21397,4.023,Keleher,Upper Yuba,"Nevada, CA",39.44289,-120.65839,2.88,NA
no voucher,EJE167,16.126,Canyon Creek,Upper Yuba,"Nevada, CA",39.44289,-120.65839,4.08,NA
no voucher,EJE169,16.128,Canyon Creek,Upper Yuba,"Nevada, CA",39.44289,-120.65839,8.34,NA
no voucher,EJE170,16.129,Canyon Creek,Upper Yuba,"Nevada, CA",39.44289,-120.65839,3.26,NA
UNR 09946,EJE171,16.13,Canyon Creek,Upper Yuba,"Nevada, CA",39.44289,-120.65839,1.7,367.0746314
no voucher,EJE172,16.131,Canyon Creek,Upper Yuba,"Nevada, CA",39.44289,-120.65839,7.96,NA
no voucher,EJE173,16.132,Canyon Creek,Upper Yuba,"Nevada, CA",39.44289,-120.65839,4.5,NA
no voucher,EJE189,16.148,Canyon Creek,Upper Yuba,"Nevada, CA",39.44289,-120.65839,22.2,NA
UNR 09960,EJE166,EJE166,Canyon Creek,Upper Yuba,"Nevada, CA",39.44289,-120.65839,10,20.33078275
no voucher,CRF2669,15.022,Canyon Creek,Upper Yuba,"Nevada, CA",39.442691,-120.658378,82.5,NA
no voucher,CRF2670,15.023,Canyon Creek,Upper Yuba,"Nevada, CA",39.442691,-120.658378,82,NA
no voucher,CRF2671,15.024,Canyon Creek,Upper Yuba,"Nevada, CA",39.442691,-120.658378,17,NA
no voucher,CRF2672,15.025,Canyon Creek,Upper Yuba,"Nevada, CA",39.442691,-120.658378,32,NA
no voucher,CRF2673,15.026,Canyon Creek,Upper Yuba,"Nevada, CA",39.442691,-120.658378,21.8,NA
no voucher,CRF2674,15.027,Canyon Creek,Upper Yuba,"Nevada, CA",39.442691,-120.658378,21.9,NA
no voucher,CRF2675,15.028,Canyon Creek,Upper Yuba,"Nevada, CA",39.442691,-120.658378,33.7,NA
no voucher,CRF2676,15.029,Canyon Creek,Upper Yuba,"Nevada, CA",39.442691,-120.658378,21.3,NA
no voucher,CRF2677,15.03,Canyon Creek,Upper Yuba,"Nevada, CA",39.442691,-120.658378,40.2,NA
no voucher,CRF2678,15.031,Canyon Creek,Upper Yuba,"Nevada, CA",39.442691,-120.658378,36.5,NA
no voucher,CRF2679,15.032,Canyon Creek,Upper Yuba,"Nevada, CA",39.442691,-120.658378,35.7,NA
no voucher,CRF2680,15.033,Canyon Creek,Upper Yuba,"Nevada, CA",39.442691,-120.658378,40.8,NA
no voucher,CRF2681,15.034,Canyon Creek,Upper Yuba,"Nevada , CA",39.442691,-120.658378,20.6,NA
no voucher,EJE158,16.1,Faucherie Lake Dam,Upper Yuba,"Nevada, CA",39.428902,-120.568987,8.6,NA
CASÂ 260894,EJE159,16.101,Faucherie Lake Dam,Upper Yuba,"Nevada, CA",39.428902,-120.568987,21.4,NA
CASÂ 260895,EJE160,16.102,Faucherie Lake Dam,Upper Yuba,"Nevada, CA",39.428902,-120.568987,21.7,NA
no voucher,EJE152,16.094,Faucherie Lake,Upper Yuba,"Nevada, CA",39.427506,-120.57256,2.9,NA
no voucher,EJE154,16.096,Faucherie Lake,Upper Yuba,"Nevada, CA",39.427506,-120.57256,3.2,NA
no voucher,EJE155,16.097,Faucherie Lake,Upper Yuba,"Nevada, CA",39.427506,-120.57256,1.8,NA
CASÂ 260892,EJE156,16.098,Faucherie Lake,Upper Yuba,"Nevada, CA",39.427506,-120.57256,3.15,NA
no voucher,EDBjr22944,6.226,Beauty Lake,South Fork American,"El Dorado , CA",38.856555,-120.23972,6.3,NA
no voucher,EDBjr22945,6.227,Beauty Lake,South Fork American,"El Dorado , CA",38.856555,-120.23972,7.46,NA
UTA 57312,EDBjr23519,7.045,South Fork American River,South Fork American,"El Dorado , CA",38.7896,-120.5964,17.5,NA
UTA 57308,EDBjr23515,7.036,South Fork American River,South Fork American,"El Dorado , CA",38.7661,-120.3801,87.2,NA
no voucher,no collector id,7.046,South Fork American River,South Fork American,"El Dorado , CA",38.7661,-120.3801,81.5,NA
UTA 57313,EDBjr23520,7.062,South Fork American River,South Fork American,"El Dorado , CA",38.7661,-120.3801,82.8,NA
UTA 57307,EDBjr23513,7.034,Oligby Creek,South Fork American,"El Dorado , CA",38.7639,-120.4781,47,NA
UTA 57310,EDBjr23517,7.043,Oligby Creek,South Fork American,"El Dorado , CA",38.7639,-120.4781,43.4,NA
UTA 57311,EDBjr23518,7.044,Oligby Creek,South Fork American,"El Dorado , CA",38.7639,-120.4781,100,NA
CAS 236875,EDBjr21417,4.053,Grizzly Flat,Upper Cosumnes,"El Dorado , CA",38.662778,-120.615,47.7,NA
CAS 236876,EDBjr21418,4.054,Grizzly Flat,Upper Cosumnes,"El Dorado , CA",38.662778,-120.615,80,NA
CAS 236877,EDBjr21419,4.055,Grizzly Flat,Upper Cosumnes,"El Dorado , CA",38.662778,-120.615,18.6,NA
CAS 236878     ,EDBjr21420,4.056,Grizzly Flat,Upper Cosumnes,"El Dorado , CA",38.662778,-120.615,102,NA
no voucher,KDW598,15.065,East Fork Carson River,Upper Carson,"Alpine, CA",38.65819,-119.72597,17.4,NA
no voucher,no collector id,7.06,North Fork Consumnes River,Upper Cosumnes,"El Dorado , CA",38.64969,-120.40815,100,NA
no voucher,no collector id,7.061,North Fork Consumnes River,Upper Cosumnes,"El Dorado , CA",38.64969,-120.40815,26.4,NA
no voucher,EDBjr22787,6.128,Leoni Meadows,Upper Cosumnes,"El Dorado , CA",38.610361,-120.504722,47.5,NA
no voucher,no collector ID,5.002,Leoni Meadows,Upper Cosumnes,"El Dorado , CA",38.61036,-120.50472,100,NA
no voucher,EDBjr22063,5.195,Leoni Meadows,Upper Cosumnes,"El Dorado , CA",38.61036,-120.50472,100,NA
no voucher,EDBjr22067,5.2,Leoni Meadows,Upper Cosumnes,"El Dorado , CA",38.61036,-120.50472,NA,NA
no voucher,EDBjr22068,5.201,Leoni Meadows,Upper Cosumnes,"El Dorado , CA",38.61036,-120.50472,96.4,NA
no voucher,EDBjr22737,6.013,Leoni Meadows,Upper Cosumnes,"El Dorado , CA",38.61036,-120.50472,42,NA
UTA 57316,EDBjr22736,6.126,Leoni Meadows,Upper Cosumnes,"El Dorado , CA",38.61036,-120.50472,25,NA
CAS 238411     ,EDBjr22786,6.127,Leoni Meadows,Upper Cosumnes,"El Dorado , CA",38.61036,-120.50472,50,NA
no voucher,EDBjr22788,6.129,Leoni Meadows,Upper Cosumnes,"El Dorado , CA",38.61036,-120.50472,37.5,NA
UTA 57317,EDBjr22737,6.13,Leoni Meadows,Upper Cosumnes,"El Dorado , CA",38.61036,-120.50472,42,NA
UTA 57318,EDBjr22738,6.131,Leoni Meadows,Upper Cosumnes,"El Dorado , CA",38.61036,-120.50472,27.3,NA
CAS 241819,EDBjr22739,6.132,Leoni Meadows,Upper Cosumnes,"El Dorado , CA",38.61036,-120.50472,50,NA
CAS 241820     ,EDBjr22740,6.133,Leoni Meadows,Upper Cosumnes,"El Dorado , CA",38.61036,-120.50472,50,NA
CAS 238411     ,EDBjr22329,5.248,Pollock Pines,South Fork American,"El Dorado , CA",38.606222,-120.43375,61,NA
no voucher,EDBjr22350,5.273,Pollock Pines,South Fork American,"El Dorado , CA",38.606222,-120.43375,43.8,NA
no voucher,EDBjr21628,5.107,Dogtown Creek,Upper Cosumnes,"El Dorado , CA",38.606222,-120.43375,100,NA
no voucher,EDBjr21629,5.108,Dogtown Creek,Upper Cosumnes,"El Dorado , CA",38.606222,-120.43375,100,NA
no voucher,EDBjr21630,5.109,Dogtown Creek,Upper Cosumnes,"El Dorado , CA",38.606222,-120.43375,100,NA
no voucher,EDBjr22069,5.202,Dogtown Creek,Upper Cosumnes,"El Dorado , CA",38.606222,-120.43375,23.1,NA
no voucher,EDBjr22070,5.203,Dogtown Creek,Upper Cosumnes,"El Dorado , CA",38.606222,-120.43375,26,NA
no voucher,EDBjr22071,5.204,Dogtown Creek,Upper Cosumnes,"El Dorado , CA",38.606222,-120.43375,31.3,NA
no voucher,EDBjr22072,5.205,Dogtown Creek,Upper Cosumnes,"El Dorado , CA",38.606222,-120.43375,75,NA
no voucher,EDBjr22073,5.206,Dogtown Creek,Upper Cosumnes,"El Dorado , CA",38.606222,-120.43375,51.1,NA
no voucher,EDBjr22074,5.207,Dogtown Creek,Upper Cosumnes,"El Dorado , CA",38.606222,-120.43375,20,NA
no voucher,EDBjr22866,6.182,Dogtown Creek,Upper Cosumnes,"El Dorado , CA",38.606222,-120.43375,39,NA
no voucher,EDBjr22867,6.183,Dogtown Creek,Upper Cosumnes,"El Dorado , CA",38.606222,-120.43375,31.6,NA
UTA 57185,EDBjr23294,ZA01,Dogtown Creek,Upper Cosumnes,"El Dorado , CA",38.606222,-120.43375,50,NA
UTA 57186,EDBjr23295,ZA02,Dogtown Creek,Upper Cosumnes,"El Dorado , CA",38.606222,-120.43375,50,NA
UTA 57187,EDBjr23296,ZA03,Dogtown Creek,Upper Cosumnes,"El Dorado , CA",38.606222,-120.43375,50,NA
UTA 57188,EDBjr23297,ZA04,Dogtown Creek,Upper Cosumnes,"El Dorado , CA",38.606222,-120.43375,50,NA
UTA 57189,EDBjr23298,ZA05,Dogtown Creek,Upper Cosumnes,"El Dorado , CA",38.606222,-120.43375,50,NA
UTA 57190,EDBjr23299,ZA06,Dogtown Creek,Upper Cosumnes,"El Dorado , CA",38.606222,-120.43375,50,NA
UTA 57191,EDBjr23300,ZA07,Dogtown Creek,Upper Cosumnes,"El Dorado , CA",38.606222,-120.43375,50,NA
UTA 57192,EDBjr23301,ZA08,Dogtown Creek,Upper Cosumnes,"El Dorado , CA",38.606222,-120.43375,50,NA
UTA 57193,EDBjr23302,ZB01 ,Dogtown Creek,Upper Cosumnes,"El Dorado , CA",38.606222,-120.43375,50,NA
UTA 57194,EDBjr23303,ZB02 ,Dogtown Creek,Upper Cosumnes,"El Dorado , CA",38.606222,-120.43375,50,NA
UTA 57195,EDBjr23304,ZB03 ,Dogtown Creek,Upper Cosumnes,"El Dorado , CA",38.606222,-120.43375,50,NA
UTA 57196,EDBjr23305,ZB04 ,Dogtown Creek,Upper Cosumnes,"El Dorado , CA",38.606222,-120.43375,50,NA
UTA 57197,EDBjr23306,ZB05 ,Dogtown Creek,Upper Cosumnes,"El Dorado , CA",38.606222,-120.43375,50,NA
UTA 57198,EDBjr23307,ZB06 ,Dogtown Creek,Upper Cosumnes,"El Dorado , CA",38.606222,-120.43375,50,NA
UTA 57199,EDBjr23308,ZB07 ,Dogtown Creek,Upper Cosumnes,"El Dorado , CA",38.606222,-120.43375,50,NA
no voucher,EDBjr23309,ZB08 ,Dogtown Creek,Upper Cosumnes,"El Dorado , CA",38.606222,-120.43375,50,NA
UTA 57303,EDBjr23310,ZB09 ,Dogtown Creek,Upper Cosumnes,"El Dorado , CA",38.606222,-120.43375,50,NA
UTA 57304,EDBjr23311,ZB10 ,Dogtown Creek,Upper Cosumnes,"El Dorado , CA",38.606222,-120.43375,50,NA
UTA 57305,EDBjr23312,ZB11 ,Dogtown Creek,Upper Cosumnes,"El Dorado , CA",38.606222,-120.43375,50,NA
no voucher,CRF2335,12.02,Panther Creek,Upper Mokelumne,"Amador , CA",38.47360278,-120.4158278,13.9,NA
CAS 253222,CRF2336,12.021,Panther Creek,Upper Mokelumne,"Amador , CA",38.47360278,-120.4158278,50,NA
UNR 8303,CRF2337,12.022,Panther Creek,Upper Mokelumne,"Amador , CA",38.47360278,-120.4158278,50,NA
UNR 8301,CRF2338,12.023,Panther Creek,Upper Mokelumne,"Amador , CA",38.47360278,-120.4158278,15,NA
no voucher,CRF2339,12.024,Panther Creek,Upper Mokelumne,"Amador , CA",38.47360278,-120.4158278,NA,NA
no voucher,CRF2340,12.025,Panther Creek,Upper Mokelumne,"Amador , CA",38.47360278,-120.4158278,15.8,NA
no voucher,no collector id,7.037,North Fork Mokelumne River,Upper Mokelumne,"Amador , CA",38.466954,-120.362456,10.9,NA
no voucher,no collector id,11.017,North Fork Mokelumne River,Upper Mokelumne,"Amador , CA",38.466954,-120.362456,3.06,NA
no voucher,no collector id,11.018,North Fork Mokelumne River,Upper Mokelumne,"Amador , CA",38.466954,-120.362456,2.47,NA
UNR 8343,CRF2346,12.003,North Fork Mokelumne River,Upper Mokelumne,"Amador , CA",38.462794,-120.374062,7.3,NA
UNR 09956,CRF3293,CRF3293,North Fork Mokelumne River,Upper Mokelumne,"Amador , CA",38.42339,-120.54173,15.84,321.3162512
UNR 10041,CRF3309,CRF3309,West Walker River,West Walker River,"Mono, CA",38.3663,-119.48172,3.1,430.6448967
UNR 10008,JSR007,JSR007,Pinecrest Lake ,Upper Stanislaus,"Tuolumne, CA",38.198119,-119.973055,3.28,NA
UNR 09990,JSR009,JSR009,Pinecrest Lake ,Upper Stanislaus,"Tuolumne, CA",38.198119,-119.973055,28.11659,NA
UNR 09974,CRF3220,CRF3220,Cherry Creek,Upper Tuolumne,"Tuolumne, CA",38.04301,-119.902411,8.1,NA
UNR 09951,CRF3221,CRF3221,Cherry Creek,Upper Tuolumne,"Tuolumne, CA",38.04301,-119.902411,8.14,979.501095
UNR 09986,CRF3306,CRF3306,Cherry Creek,Upper Tuolumne,"Tuolumne, CA",38.04301,-119.902411,3.7,NA
UNR 09952,CRF3307,CRF3307,Cherry Creek,Upper Tuolumne,"Tuolomne, CA",38.04301,-119.902411,21.28658,NA
UNR 10027,CRF3308,CRF3308,Cherry Creek,Upper Tuolumne,"Tuolomne, CA",38.04301,-119.902411,36.16142,NA
UNR 10021,CRF3070,16.115,Cherry Creek,Upper Tuolumne,"Tuolumne, CA",38.04301,-119.902411,58.8,843.2863734
UNR 09968,CRF3072,16.117,Cherry Creek,Upper Tuolumne,"Tuolumne, CA",38.04301,-119.902411,82.9,2034.64441
UNR 10037,CRF3074,16.119,Cherry Creek,Upper Tuolumne,"Tuolumne, CA",38.04301,-119.902411,21.9,446.7519324
UNR 10054,CRF3069,16.114,Cherry Creek,Upper Tuolumne,"Tuolumne, CA",38.04301,-119.902411,37.8,NA
UNR 10010,CRF3064,16.109,Cherry Creek,Upper Tuolumne,"Tuolumne, CA",38.04029,-119.90284,69,2309.579166
UNR 09983,CRF3065,16.11,Cherry Creek,Upper Tuolumne,"Tuolumne, CA",38.04029,-119.90284,85.3,2230.602638
UNR 10065,CRF3066,16.111,Cherry Creek,Upper Tuolumne,"Tuolumne, CA",38.04029,-119.90284,122.8,2243.213904
UNR 09995,CRF3063,16.108,Cherry Creek,Upper Tuolumne,"Tuolumne, CA",38.04029,-119.90284,17.9,NA
UNR 10001,CRF3067,16.112,Cherry Creek,Upper Tuolumne,"Tuolumne, CA",38.04029,-119.90284,29,NA
UNR 10013,EJE186,16.145,South Fork Tuolumne River,Upper Tuolumne,"Tuolumne, CA",37.821434,-119.918561,137.6,1422.730104
UNR 09998,EJE184,16.143,South Fork Tuolumne River,Upper Tuolumne,"Tuolumne, CA",37.821434,-119.918561,85.0842,NA
UNR 09993,EJE188,16.147,South Fork Tuolumne River,Upper Tuolumne,"Tuolumne, CA",37.821224,-119.91888,100,NA
UNR 10009,EJE181,16.14,South Fork Tuolumne River,Upper Tuolumne,"Tuolumne, CA",37.820742,-119.91915,35,NA
UNR 09966,EJE187,EJE187,South Fork Tuolumne River,Upper Tuolumne,"Tuolumne, CA",37.819352,-119.919625,35,NA
UNR 10059,EJE182,16.141,South Fork Tuolumne River,Upper Tuolumne,"Tuolumne , CA",37.817948,-119.919969,47.5,963.9191139
UNR 09973,CRF3211,CRF3211,Sotcher Lake,Upper San Joaquin,"Mono, CA",37.627199,-119.075909,3.1,197.40387
no voucher,EDBjr21588,5.063,Deep Creek,Upper Kings,"Fresno, CA",36.93449,-119.24736,100,NA
no voucher,EDBjr21594,5.069,Deep Creek,Upper Kings,"Fresno, CA",36.93449,-119.24736,100,NA
no voucher,EDBjr21594,5.069,Deep Creek,Upper Kings,"Fresno, CA",36.93449,-119.24736,100,NA
no voucher,EDBjr21595,5.07,Deep Creek,Upper Kings,"Fresno, CA",36.93449,-119.24736,100,NA
no voucher,EDBjr21596,5.071,Deep Creek,Upper Kings,"Fresno, CA",36.93449,-119.24736,100,NA
no voucher,EDBjr21597,5.072,Deep Creek,Upper Kings,"Fresno, CA",36.93449,-119.24736,NA,NA
no voucher,EDBjr21598,5.073,Deep Creek,Upper Kings,"Fresno, CA",36.93449,-119.24736,50,NA
no voucher,EDBjr21599,5.074,Deep Creek,Upper Kings,"Fresno, CA",36.93449,-119.24736,100,NA
no voucher,EDBjr21600,5.075,Deep Creek,Upper Kings,"Fresno, CA",36.93449,-119.24736,NA,NA
no voucher,EDBjr21601,5.076,Deep Creek,Upper Kings,"Fresno, CA",36.93449,-119.24736,NA,NA
no voucher,EDBjr21602,5.077,Deep Creek,Upper Kings,"Fresno, CA",36.93449,-119.24736,100,NA
no voucher,EDBjr21603,5.078,Deep Creek,Upper Kings,"Fresno, CA",36.93449,-119.24736,86.9,NA
no voucher,EDBjr21604,5.079,Deep Creek,Upper Kings,"Fresno, CA",36.93449,-119.24736,100,NA
no voucher,CRF2630,15.035,Deep Creek,Upper Kings,"Fresno, CA",36.934489,-119.247356,100,NA
no voucher,CRF2631,15.036,Deep Creek,Upper Kings,"Fresno, CA",36.934489,-119.247356,175,NA
no voucher,CRF2633,CRF2633,Deep Creek,Upper Kings,"Fresno, CA",36.934489,-119.247356,100,NA
no voucher,EDBjr21589,5.064,Deep Creek,Upper Kings,"Fresno, CA",36.933333,-119.2443889,100,NA
no voucher,EDBjr21590,5.065,Deep Creek,Upper Kings,"Fresno, CA",36.933333,-119.2443889,100,NA
no voucher,EDBjr21591,5.066,Deep Creek,Upper Kings,"Fresno, CA",36.933333,-119.2443889,100,NA
no voucher,EDBjr21592,5.067,Deep Creek,Upper Kings,"Fresno, CA",36.933333,-119.2443889,100,NA
UNR 09961,CRF3217,CRF3217,Hughes Creek,Tulare Lake Bed,"Fresno, CA",36.83633,-119.36788,40.74,366.172491
CAS 236872,EDBjr21414,4.049,Wishon,Upper Tule,"Tulare, CA",36.169444,-118.704167,74.5,NA
CAS 236873,EDBjr21415,4.05,Wishon,Upper Tule,"Tulare, CA",36.169444,-118.704167,88,NA
CAS 237198,EDBjr21587,5.062,Wishon,Upper Tule,"Tulare, CA",36.169444,-118.704167,100,NA
no voucher,EDBjr21489,VC1,Wishon,Upper Tule,"Tulare, CA",36.169444,-118.704167,40.7,NA
no voucher,EDBjr21498,VC10,Wishon,Upper Tule,"Tulare, CA",36.169444,-118.704167,98.6,NA
no voucher,EDBjr21499,VC11,Wishon,Upper Tule,"Tulare, CA",36.169444,-118.704167,100,NA
no voucher,EDBjr21500,VC12,Wishon,Upper Tule,"Tulare, CA",36.169444,-118.704167,86,NA
no voucher,EDBjr21490,VC2,Wishon,Upper Tule,"Tulare, CA",36.169444,-118.704167,74.5,NA
no voucher,EDBjr21491,VC3,Wishon,Upper Tule,"Tulare, CA",36.169444,-118.704167,45.8,NA
no voucher,EDBjr21492,VC4,Wishon,Upper Tule,"Tulare, CA",36.169444,-118.704167,100,NA
no voucher,EDBjr21493,VC5,Wishon,Upper Tule,"Tulare, CA",36.169444,-118.704167,100,NA
no voucher,EDBjr21495,VC7,Wishon,Upper Tule,"Tulare, CA",36.169444,-118.704167,74,NA
no voucher,EDBjr21496,VC8,Wishon,Upper Tule,"Tulare, CA",36.169444,-118.704167,69,NA
no voucher,EDBjr21497,VC9,Wishon,Upper Tule,"Tulare, CA",36.169444,-118.704167,63.2,NA
CAS 236874,EDBjr21416,4.052,Coy Flat Tulare,Upper Tule,"Tulare, CA",36.128836,-118.620091,70.5,NA
no voucher,no collector ID,1.019,Cold Springs Creek,Upper Tule,"Tulare, CA",36.006667,-118.701667,122.6,NA
no voucher,no collector ID,1.02,Cold Springs Creek,Upper Tule,"Tulare, CA",36.006667,-118.701667,161.5,NA
no voucher,EDBjr20702,SE,Cold Springs Creek,Upper Tule,"Tulare, CA",36.006667,-118.701667,70,NA
no voucher,EDBjr20703,SS,Cold Springs Creek,Upper Tule,"Tulare, CA",36.006667,-118.701667,100,NA
no voucher,EDBjr20704,SZ,Cold Springs Creek,Upper Tule,"Tulare, CA",36.006667,-118.701667,80,NA
no voucher,no collector ID,1.001,ColdSpringsCreek,Upper Tule,"Tulare, CA",36.006667,-118.701667,40,NA
no voucher,no collector ID,1.002,ColdSpringsCreek,Upper Tule,"Tulare, CA",36.006667,-118.701667,161.5,NA
no voucher,no collector ID,1.009,Cold Springs Creek,Upper Tule,"Tulare, CA",36.006667,-118.701667,149.5,NA
no voucher,no collector ID,1.01,Cold Springs Creek,Upper Tule,"Tulare, CA",36.006667,-118.701667,40,NA
no voucher,no collector ID,1.011,Cold Springs Creek,Upper Tule,"Tulare, CA",36.006667,-118.701667,100,NA
no voucher,no collector ID,1.012,Cold Springs Creek,Upper Tule,"Tulare, CA",36.006667,-118.701667,36.5,NA
no voucher,no collector ID,1.013,Cold Springs Creek,Upper Tule,"Tulare, CA",36.006667,-118.701667,61.5,NA
no voucher,no collector ID,1.014,Cold Springs Creek,Upper Tule,"Tulare, CA",36.006667,-118.701667,123.8,NA
no voucher,no collector ID,1.015,Cold Springs Creek,Upper Tule,"Tulare, CA",36.006667,-118.701667,119.5,NA
no voucher,no collector ID,1.016,Cold Springs Creek,Upper Tule,"Tulare, CA",36.006667,-118.701667,73.8,NA
no voucher,no collector ID,1.017,Cold Springs Creek,Upper Tule,"Tulare, CA",36.006667,-118.701667,109,NA
no voucher,no collector ID,1.018,Cold Springs Creek,Upper Tule,"Tulare, CA",36.006667,-118.701667,120,NA
no voucher,no collector ID,1.021,Cold Springs Creek,Upper Tule,"Tulare, CA",36.006667,-118.701667,142,NA
no voucher,no collector ID,1.022,Cold Springs Creek,Upper Tule,"Tulare, CA",36.006667,-118.701667,134.9,NA
no voucher,DGM583,DGM583,Cold Springs Creek,Upper Tule,"Tulare, CA",36.006667,-118.701667,100,NA
no voucher,DGM584,DGM584,Cold Springs Creek,Upper Tule,"Tulare, CA",36.006667,-118.701667,100,NA
no voucher,DGM585,DGM585,Cold Springs Creek,Upper Tule,"Tulare, CA",36.006667,-118.701667,100,NA
no voucher,DGM586,DGM586,Cold Springs Creek,Upper Tule,"Tulare, CA",36.006667,-118.701667,100,NA
no voucher,DGM594,DGM594,Cold Springs Creek,Upper Tule,"Tulare, CA",36.006667,-118.701667,100,NA
no voucher,DGM595,DGM595,Cold Springs Creek,Upper Tule,"Tulare, CA",36.006667,-118.701667,100,NA
no voucher,DGM596,DGM596,Cold Springs Creek,Upper Tule,"Tulare, CA",36.006667,-118.701667,100,NA
no voucher,DGM598,DGM598,Cold Springs Creek,Upper Tule,"Tulare, CA",36.006667,-118.701667,100,NA
no voucher,SE1,SE1,Cold Springs Creek,Upper Tule,"Tulare, CA",36.006667,-118.701667,48.8,NA
no voucher,SE10,SE10,Cold Springs Creek,Upper Tule,"Tulare, CA",36.006667,-118.701667,41.1,NA
no voucher,SE11,SE11,Cold Springs Creek,Upper Tule,"Tulare, CA",36.006667,-118.701667,86,NA
no voucher,SE12,SE12,Cold Springs Creek,Upper Tule,"Tulare, CA",36.006667,-118.701667,92.9,NA
no voucher,SE13,SE13,Cold Springs Creek,Upper Tule,"Tulare, CA",36.006667,-118.701667,85.8,NA
no voucher,SE14,SE14,Cold Springs Creek,Upper Tule,"Tulare, CA",36.006667,-118.701667,73.7,NA
no voucher,SE15,SE15,Cold Springs Creek,Upper Tule,"Tulare, CA",36.006667,-118.701667,79.2,NA
no voucher,SE2,SE2,Cold Springs Creek,Upper Tule,"Tulare, CA",36.006667,-118.701667,53.6,NA
no voucher,SE3,SE3,Cold Springs Creek,Upper Tule,"Tulare, CA",36.006667,-118.701667,69.9,NA
no voucher,SE4,SE4,Cold Springs Creek,Upper Tule,"Tulare, CA",36.006667,-118.701667,50.6,NA
no voucher,SE5,SE5,Cold Springs Creek,Upper Tule,"Tulare, CA",36.006667,-118.701667,60.7,NA
no voucher,SE6,SE6,Cold Springs Creek,Upper Tule,"Tulare, CA",36.006667,-118.701667,65,NA
no voucher,SE7,SE7,Cold Springs Creek,Upper Tule,"Tulare, CA",36.006667,-118.701667,77.1,NA
no voucher,SE8,SE8,Cold Springs Creek,Upper Tule,"Tulare, CA",36.006667,-118.701667,95,NA
no voucher,SE9,SE9,Cold Springs Creek,Upper Tule,"Tulare, CA",36.006667,-118.701667,57.7,NA
no voucher,SS1,SS1,Cold Springs Creek,Upper Tule,"Tulare, CA",36.006667,-118.701667,95,NA
no voucher,SS2,SS2,Cold Springs Creek,Upper Tule,"Tulare, CA",36.006667,-118.701667,95,NA
no voucher,SS3,SS3,Cold Springs Creek,Upper Tule,"Tulare, CA",36.006667,-118.701667,85.3,NA
no voucher,SS4,SS4,Cold Springs Creek,Upper Tule,"Tulare, CA",36.006667,-118.701667,95,NA
no voucher,SS5,SS5,Cold Springs Creek,Upper Tule,"Tulare, CA",36.006667,-118.701667,95,NA
no voucher,SS6,SS6,Cold Springs Creek,Upper Tule,"Tulare, CA",36.006667,-118.701667,95,NA
no voucher,SS7,SS7,Cold Springs Creek,Upper Tule,"Tulare, CA",36.006667,-118.701667,80.2,NA
no voucher,SS8,SS8,Cold Springs Creek,Upper Tule,"Tulare, CA",36.006667,-118.701667,95,NA
no voucher,SS9,SS9,Cold Springs Creek,Upper Tule,"Tulare, CA",36.006667,-118.701667,95,NA
no voucher,SZ1,SZ1,Cold Springs Creek,Upper Tule,"Tulare, CA",36.006667,-118.701667,93.7,NA
no voucher,SZ10,SZ10,Cold Springs Creek,Upper Tule,"Tulare, CA",36.006667,-118.701667,86.4,NA
no voucher,SZ11,SZ11,Cold Springs Creek,Upper Tule,"Tulare, CA",36.006667,-118.701667,59,NA
no voucher,SZ12,SZ12,Cold Springs Creek,Upper Tule,"Tulare, CA",36.006667,-118.701667,84.7,NA
no voucher,SZ2,SZ2,Cold Springs Creek,Upper Tule,"Tulare, CA",36.006667,-118.701667,84.2,NA
no voucher,SZ3,SZ3,Cold Springs Creek,Upper Tule,"Tulare, CA",36.006667,-118.701667,95,NA
no voucher,SZ4,SZ4,Cold Springs Creek,Upper Tule,"Tulare, CA",36.006667,-118.701667,64,NA
no voucher,SZ5,SZ5,Cold Springs Creek,Upper Tule,"Tulare, CA",36.006667,-118.701667,95,NA
no voucher,SZ7,SZ7,Cold Springs Creek,Upper Tule,"Tulare, CA",36.006667,-118.701667,75.9,NA
no voucher,SZ8,SZ8,Cold Springs Creek,Upper Tule,"Tulare, CA",36.006667,-118.701667,57.4,NA
no voucher,SZ9,SZ9,Cold Springs Creek,Upper Tule,"Tulare, CA",36.006667,-118.701667,81.8,NA
no voucher,TT1,TT1,Cold Springs Creek,Upper Tule,"Tulare, CA",36.006667,-118.701667,95,NA
no voucher,TT2,TT2,Cold Springs Creek,Upper Tule,"Tulare, CA",36.006667,-118.701667,95,NA
no voucher,TT3,TT3,Cold Springs Creek,Upper Tule,"Tulare, CA",36.006667,-118.701667,82.5,NA
no voucher,TT4,TT4,Cold Springs Creek,Upper Tule,"Tulare, CA",36.006667,-118.701667,95,NA
no voucher,TT5,TT5,Cold Springs Creek,Upper Tule,"Tulare, CA",36.006667,-118.701667,95,NA
no voucher,TT6,TT6,Cold Springs Creek,Upper Tule,"Tulare, CA",36.006667,-118.701667,95,NA
no voucher,TT7,TT7,Cold Springs Creek,Upper Tule,"Tulare, CA",36.006667,-118.701667,73.6,NA
no voucher,UG1,UG1,Cold Springs Creek,Upper Tule,"Tulare, CA",36.006667,-118.701667,77.3,NA
no voucher,UG10,UG10,Cold Springs Creek,Upper Tule,"Tulare, CA",36.006667,-118.701667,95,NA
no voucher,UG11,UG11,Cold Springs Creek,Upper Tule,"Tulare, CA",36.006667,-118.701667,61.3,NA
no voucher,UG13,UG13,Cold Springs Creek,Upper Tule,"Tulare, CA",36.006667,-118.701667,95,NA
no voucher,UG2,UG2,Cold Springs Creek,Upper Tule,"Tulare, CA",36.006667,-118.701667,64.9,NA
no voucher,UG4,UG4,Cold Springs Creek,Upper Tule,"Tulare, CA",36.006667,-118.701667,67.7,NA
no voucher,UG5,UG5,Cold Springs Creek,Upper Tule,"Tulare, CA",36.006667,-118.701667,54.2,NA
no voucher,UG6,UG6,Cold Springs Creek,Upper Tule,"Tulare, CA",36.006667,-118.701667,64.5,NA
no voucher,UG7,UG7,Cold Springs Creek,Upper Tule,"Tulare, CA",36.006667,-118.701667,70.6,NA
no voucher,UG8,UG8,Cold Springs Creek,Upper Tule,"Tulare, CA",36.006667,-118.701667,61,NA
no voucher,UG9,UG9,Cold Springs Creek,Upper Tule,"Tulare, CA",36.006667,-118.701667,76,NA
no voucher,UM1,UM1,Cold Springs Creek,Upper Tule,"Tulare, CA",36.006667,-118.701667,112.4,NA
no voucher,UM10,UM10,Cold Springs Creek,Upper Tule,"Tulare, CA",36.006667,-118.701667,86.9,NA
no voucher,UM11,UM11,Cold Springs Creek,Upper Tule,"Tulare, CA",36.006667,-118.701667,90.8,NA
no voucher,UM12,UM12,Cold Springs Creek,Upper Tule,"Tulare, CA",36.006667,-118.701667,98.8,NA
no voucher,UM2,UM2,Cold Springs Creek,Upper Tule,"Tulare, CA",36.006667,-118.701667,113.4,NA
no voucher,UM3,UM3,Cold Springs Creek,Upper Tule,"Tulare, CA",36.006667,-118.701667,147.4,NA
no voucher,UM4,UM4,Cold Springs Creek,Upper Tule,"Tulare, CA",36.006667,-118.701667,121,NA
no voucher,UM5,UM5,Cold Springs Creek,Upper Tule,"Tulare, CA",36.006667,-118.701667,97.1,NA
no voucher,UM6,UM6,Cold Springs Creek,Upper Tule,"Tulare, CA",36.006667,-118.701667,83.4,NA
no voucher,UM7,UM7,Cold Springs Creek,Upper Tule,"Tulare, CA",36.006667,-118.701667,84.3,NA
no voucher,UM8,UM8,Cold Springs Creek,Upper Tule,"Tulare, CA",36.006667,-118.701667,107.6,NA
no voucher,UM9,UM9,Cold Springs Creek,Upper Tule,"Tulare, CA",36.006667,-118.701667,100,NA
no voucher,EDBjr20106,01--21,Tyler Creek,Upper Deer Upper White,"Tulare, CA",35.902583,-118.6425,100,NA
no voucher,EDBjr20107,01--22,Tyler Creek,Upper Deer Upper White,"Tulare, CA",35.902583,-118.6425,100,NA
no voucher,EDBjr20104,Tc 01.19,Tyler Creek,Upper Deer Upper White,"Tulare, CA",35.902583,-118.6425,158,NA
no voucher,EDBjr20105,Tc 01.20,Tyler Creek,Upper Deer Upper White,"Tulare, CA",35.902583,-118.6425,162,NA
